Scénario,Métrique,Avant (t=49),Après (t=50),Variation (%)
Sans panne,Efficacité globale Eglob(G),0.6610827320827184,0.6613520923520788,0.0407453191995817
Sans panne,Efficacité locale Eloc(G),0.852615401997637,0.8532529349019917,0.0747737963519126
Panne prévisible,Efficacité globale Eglob(G),0.6610827320827184,0.5598590160701975,-15.311807599877712
Panne prévisible,Efficacité locale Eloc(G),0.852615401997637,0.8255459846830879,-3.1748684402283485
Panne aléatoire,Efficacité globale Eglob(G),0.6186148818501714,0.6198431372548975,0.19854928175224945
Panne aléatoire,Efficacité locale Eloc(G),0.8377137216720444,0.8412420702884876,0.4211878742299692
Attaque betweenness,Efficacité globale Eglob(G),0.6610827320827184,0.5869565217391344,-11.212849276829838
Attaque betweenness,Efficacité locale Eloc(G),0.852615401997637,0.8333855843555048,-2.2553917741900538
